C_0805_2012Metric;22u;C45783
R_0603_1608Metric;5m;C346483
C_0402_1005Metric;100n;C307331
C_0402_1005Metric;1u;C52923
C_0402_1005Metric;22n;C1532
R_Array_Concave_4x0402;0R;C2001
VQFN-HR;TPS259474LRPWR;C3662807
R_0402_1005Metric;14.7K;C11663
R_0402_1005Metric;806K;C29263
T-UQFN-16;TMUX1574RSVR;C2673120
VQFN-HR;LM73100RPWR;C3210761
TSSOP-20_4.4x6.5mm_P0.65mm;TCA9544APWR;C2674619
R_0402_1005Metric;107K;C226744
R_0402_1005Metric;200K;C25764
R_0402_1005Metric;21.5K;C185442
C_0402_1005Metric;330p;C106206
R_0402_1005Metric;100K;C25741
R_0402_1005Metric;31.6K;C324948
R_0402_1005Metric;350K;C273713
R_0402_1005Metric;0R;C17168
C_0402_1005Metric;1n;C1523
C_0402_1005Metric;2.2n;C1531
LED_0603_1608Metric;TZ-P2-0603GTCS1-0.6T;C2286
SOT833-1-XSON8;TXU0202DTTR;C18197534
R_0402_1005Metric;4.7K;C25900
R_0402_1005Metric;47K;C25792
R_0402_1005Metric;100R;C25076
SOT-23-8;INA219AIDCNR;C87469
CP_Elec_6.3x7.7;100u;C2836442
R_0402_1005Metric;10K;C25744
R_0402_1005Metric;7.5K;C25918
R_0402_1005Metric;430K;C25786
R_0402_1005Metric;17.4K;C327366
R_0402_1005Metric;16.9K;C25858
L_Vishay_IHLP-4040;IHLP4040DZER4R7M01;C497895
T-UQFN-12;TXB0104RUT;C105266
R_0402_1005Metric;150R;C25082
LQFP-144_20x20mm_P0.5mm;STM32H753ZIT6;C114408
L_Vishay_IHLP-2020;IHLP2020CZER4R7M11;C351098
SOT-23-6;AP74700QW6-7;C5381661
V-DFN3030-8;DMT3006LDK-7;C2849568
Texas_VQFN-HR-12_2x2.5mm_P0.5mm_ThermalVias;TPS2121RUXR;C485916
R_0402_1005Metric;549R;C474081
R_0402_1005Metric;3.74K;C15172
R_Array_Convex_2x0402;10K;C695179
R_0402_1005Metric;50R;C25118
SOT-23;DMN67D7L-7;C8545
C_0402_1005Metric;100p;C1546
C_0805_2012Metric;10u;C15850
R_0402_1005Metric;120R;C25079
R_0402_1005Metric;5.6K;C25908
R_0402_1005Metric;25.5K;C273695
R_0402_1005Metric;187K;C25761
R_Array_Convex_2x0402;0R;C75375
TSOT-23-6;AP63203WU-7;C780769
DFN-8-1EP_3x3mm_P0.65mm_EP1.55x2.4mm;THVD1450DRBR;C1850226
R_0402_1005Metric;2.09K;C321368
DFN-8-1EP_3x3mm_P0.65mm_EP1.55x2.4mm;TCAN1051GVDRBRQ;C1848110
R_0402_1005Metric;9.09K;C274897
TSOT-23-6;AP63205WU-7;C2071056
